Price,Adj Close,Close,High,Low,Open,Volume
Ticker,PETR4.SA,PETR4.SA,PETR4.SA,PETR4.SA,PETR4.SA,PETR4.SA
Date,,,,,,
2022-01-03 00:00:00+00:00,12.355956077575684,29.09000015258789,29.219999313354492,28.530000686645508,28.540000915527344,52704700
2022-01-04 00:00:00+00:00,12.402678489685059,29.200000762939453,29.399999618530273,28.90999984741211,29.15999984741211,51739200
2022-01-05 00:00:00+00:00,11.922710418701172,28.06999969482422,29.270000457763672,27.940000534057617,29.190000534057617,78459800
2022-01-06 00:00:00+00:00,11.914216995239258,28.049999237060547,28.649999618530273,27.84000015258789,28.290000915527344,61163100
2022-01-07 00:00:00+00:00,11.969432830810547,28.18000030517578,28.290000915527344,27.81999969482422,28.110000610351562,47507600
2022-01-10 00:00:00+00:00,11.897226333618164,28.010000228881836,28.239999771118164,27.719999313354492,27.989999771118164,37455200
2022-01-11 00:00:00+00:00,12.249768257141113,28.84000015258789,29.06999969482422,27.850000381469727,28.100000381469727,73623800
2022-01-12 00:00:00+00:00,12.623546600341797,29.719999313354492,29.90999984741211,28.950000762939453,28.950000762939453,81378200
2022-01-13 00:00:00+00:00,12.878396034240723,30.31999969482422,30.6299991607666,29.5,29.530000686645508,76717500
2022-01-14 00:00:00+00:00,13.358365058898926,31.450000762939453,31.600000381469727,30.239999771118164,30.280000686645508,96458800
2022-01-17 00:00:00+00:00,13.37960147857666,31.5,31.809999465942383,31.25,31.399999618530273,35675900
2022-01-18 00:00:00+00:00,13.439065933227539,31.639999389648438,31.979999542236328,30.969999313354492,31.559999465942383,78198800
2022-01-19 00:00:00+00:00,13.375354766845703,31.489999771118164,32.209999084472656,31.440000534057617,31.899999618530273,77480200
2022-01-20 00:00:00+00:00,13.473043441772461,31.719999313354492,32.0,31.110000610351562,31.5,85353100
2022-01-21 00:00:00+00:00,13.494282722473145,31.770000457763672,31.8799991607666,31.530000686645508,31.56999969482422,61345400
2022-01-24 00:00:00+00:00,13.570738792419434,31.950000762939453,32.25,31.040000915527344,31.690000534057617,79117100
2022-01-25 00:00:00+00:00,14.012479782104492,32.9900016784668,33.22999954223633,31.579999923706055,31.700000762939453,98358500
2022-01-26 00:00:00+00:00,14.38625431060791,33.869998931884766,34.27000045776367,33.29999923706055,33.29999923706055,98679900
2022-01-27 00:00:00+00:00,14.390506744384766,33.880001068115234,34.63999938964844,33.16999816894531,34.25,90631000
2022-01-28 00:00:00+00:00,13.821340560913086,32.540000915527344,34.349998474121094,32.220001220703125,33.79999923706055,117400500
2022-01-31 00:00:00+00:00,13.740636825561523,32.349998474121094,33.0,32.06999969482422,32.5,62450300
2022-02-01 00:00:00+00:00,14.01672649383545,33.0,33.31999969482422,31.950000762939453,32.349998474121094,57315200
2022-02-02 00:00:00+00:00,13.812846183776855,32.52000045776367,33.4900016784668,32.36000061035156,33.40999984741211,36271700
2022-02-03 00:00:00+00:00,13.621707916259766,32.06999969482422,32.91999816894531,31.6200008392334,32.349998474121094,51087800
2022-02-04 00:00:00+00:00,13.859569549560547,32.630001068115234,33.22999954223633,31.8799991607666,32.40999984741211,59346800
2022-02-07 00:00:00+00:00,13.655691146850586,32.150001525878906,32.779998779296875,32.130001068115234,32.54999923706055,48868100
2022-02-08 00:00:00+00:00,13.519768714904785,31.829999923706055,31.950000762939453,31.260000228881836,31.899999618530273,62590000
2022-02-09 00:00:00+00:00,13.570738792419434,31.950000762939453,32.689998626708984,31.649999618530273,31.739999771118164,50960500
2022-02-10 00:00:00+00:00,13.778863906860352,32.439998626708984,32.900001525878906,31.940000534057617,32.29999923706055,49534600
2022-02-11 00:00:00+00:00,14.3395357131958,33.7599983215332,33.90999984741211,32.630001068115234,32.77000045776367,88013400
2022-02-14 00:00:00+00:00,14.01672649383545,33.0,33.939998626708984,32.81999969482422,33.86000061035156,55687000
2022-02-15 00:00:00+00:00,13.795854568481445,32.47999954223633,32.68000030517578,31.889999389648438,32.65999984741211,65689000
2022-02-16 00:00:00+00:00,13.986991882324219,32.93000030517578,33.70000076293945,32.77000045776367,32.83000183105469,65811600
2022-02-17 00:00:00+00:00,13.931774139404297,32.79999923706055,33.290000915527344,32.54999923706055,32.849998474121094,43255200
2022-02-18 00:00:00+00:00,14.01672649383545,33.0,33.09000015258789,32.27000045776367,32.56999969482422,60304700
2022-02-21 00:00:00+00:00,14.37775993347168,33.849998474121094,34.0,33.0,33.04999923706055,51263800
2022-02-22 00:00:00+00:00,14.33104133605957,33.7400016784668,34.68000030517578,33.209999084472656,34.220001220703125,80206700
2022-02-23 00:00:00+00:00,14.534919738769531,34.220001220703125,34.599998474121094,33.79999923706055,34.18000030517578,86530100
2022-02-24 00:00:00+00:00,14.182376861572266,33.38999938964844,35.290000915527344,32.68000030517578,34.79999923706055,139674100
2022-02-25 00:00:00+00:00,14.441473960876465,34.0,34.0,32.900001525878906,33.45000076293945,86189100
2022-03-02 00:00:00+00:00,14.726055145263672,34.66999816894531,35.290000915527344,34.38999938964844,35.2599983215332,58071800
2022-03-03 00:00:00+00:00,14.543416023254395,34.2400016784668,34.93000030517578,34.15999984741211,34.81999969482422,69237400
2022-03-04 00:00:00+00:00,14.539166450500488,34.22999954223633,34.68000030517578,33.81999969482422,34.08000183105469,55418000
2022-03-07 00:00:00+00:00,13.507026672363281,31.799999237060547,34.599998474121094,31.6299991607666,34.5,110954100
2022-03-08 00:00:00+00:00,13.787359237670898,32.459999084472656,32.970001220703125,31.510000228881836,32.0,111633500
2022-03-09 00:00:00+00:00,13.829835891723633,32.560001373291016,32.81999969482422,31.739999771118164,32.599998474121094,87779300
2022-03-10 00:00:00+00:00,14.314050674438477,33.70000076293945,34.599998474121094,32.52000045776367,32.599998474121094,136437700
2022-03-11 00:00:00+00:00,13.800101280212402,32.4900016784668,34.380001068115234,32.06999969482422,33.90999984741211,92153700
2022-03-14 00:00:00+00:00,13.536759376525879,31.8700008392334,32.88999938964844,31.520000457763672,32.43000030517578,52274100
2022-03-15 00:00:00+00:00,13.209700584411621,31.100000381469727,31.540000915527344,30.469999313354492,31.139999389648438,66272000
2022-03-16 00:00:00+00:00,13.09501838684082,30.829999923706055,31.540000915527344,30.3700008392334,31.5,72034900
2022-03-17 00:00:00+00:00,12.746723175048828,30.010000228881836,31.399999618530273,29.5,31.25,178319300
2022-03-18 00:00:00+00:00,13.001575469970703,30.610000610351562,30.81999969482422,29.860000610351562,30.09000015258789,93097100
2022-03-21 00:00:00+00:00,13.490035057067871,31.760000228881836,32.09000015258789,30.639999389648438,30.90999984741211,67700800
2022-03-22 00:00:00+00:00,13.43056869506836,31.6200008392334,32.099998474121094,31.350000381469727,31.989999771118164,56128600
2022-03-23 00:00:00+00:00,13.613212585449219,32.04999923706055,32.470001220703125,31.690000534057617,31.93000030517578,52956100
2022-03-24 00:00:00+00:00,13.770369529724121,32.41999816894531,32.599998474121094,31.670000076293945,32.04999923706055,49402800
2022-03-25 00:00:00+00:00,13.719398498535156,32.29999923706055,32.54999923706055,31.920000076293945,32.150001525878906,51780100
2022-03-28 00:00:00+00:00,13.422076225280762,31.600000381469727,32.08000183105469,30.979999542236328,32.060001373291016,68610500
2022-03-29 00:00:00+00:00,13.719398498535156,32.29999923706055,32.7599983215332,31.920000076293945,32.130001068115234,93809000
2022-03-30 00:00:00+00:00,14.012479782104492,32.9900016784668,32.9900016784668,32.380001068115234,32.5,69648400
2022-03-31 00:00:00+00:00,14.207860946655273,33.45000076293945,33.56999969482422,32.5,32.56999969482422,94269500
2022-04-01 00:00:00+00:00,14.020971298217773,33.0099983215332,33.790000915527344,32.90999984741211,33.54999923706055,72545400
2022-04-04 00:00:00+00:00,13.889299392700195,32.70000076293945,32.900001525878906,32.25,32.900001525878906,56053000
2022-04-05 00:00:00+00:00,13.757627487182617,32.38999938964844,33.060001373291016,32.38999938964844,32.65999984741211,45847200
2022-04-06 00:00:00+00:00,13.744884490966797,32.36000061035156,32.779998779296875,32.040000915527344,32.599998474121094,56947100
2022-04-07 00:00:00+00:00,14.458462715148926,34.040000915527344,34.060001373291016,32.5,32.63999938964844,118469400
2022-04-08 00:00:00+00:00,14.530671119689941,34.209999084472656,34.40999984741211,33.849998474121094,34.06999969482422,60772700
2022-04-11 00:00:00+00:00,14.420236587524414,33.95000076293945,34.099998474121094,33.779998779296875,33.900001525878906,48125400
2022-04-12 00:00:00+00:00,14.37775993347168,33.849998474121094,34.68000030517578,33.79999923706055,34.400001525878906,68522800
2022-04-13 00:00:00+00:00,14.683579444885254,34.56999969482422,34.79999923706055,34.099998474121094,34.369998931884766,101438800
2022-04-14 00:00:00+00:00,14.530355453491211,31.270000457763672,32.06999969482422,31.15999984741211,31.600000381469727,119382100
2022-04-18 00:00:00+00:00,14.274784088134766,30.719999313354492,31.389999389648438,30.469999313354492,31.15999984741211,76350600
2022-04-19 00:00:00+00:00,14.706929206848145,31.649999618530273,32.0,31.1200008392334,31.15999984741211,88494100
2022-04-20 00:00:00+00:00,14.776632308959961,31.799999237060547,31.950000762939453,31.329999923706055,31.649999618530273,34694700
2022-04-22 00:00:00+00:00,14.200437545776367,30.559999465942383,31.299999237060547,30.31999969482422,31.049999237060547,74560900
2022-04-25 00:00:00+00:00,13.991332054138184,30.110000610351562,30.440000534057617,29.540000915527344,29.969999313354492,66413900
2022-04-26 00:00:00+00:00,13.968097686767578,30.059999465942383,30.579999923706055,29.889999389648438,30.110000610351562,48764100
2022-04-27 00:00:00+00:00,13.968097686767578,30.059999465942383,30.559999465942383,29.950000762939453,30.3700008392334,41881300
2022-04-28 00:00:00+00:00,14.061034202575684,30.260000228881836,30.6200008392334,30.25,30.450000762939453,43298500
2022-04-29 00:00:00+00:00,14.070327758789062,30.280000686645508,31.59000015258789,30.280000686645508,30.75,76243900
2022-05-02 00:00:00+00:00,13.930926322937012,29.979999542236328,30.329999923706055,29.329999923706055,30.170000076293945,72456200
2022-05-03 00:00:00+00:00,14.056386947631836,30.25,30.389999389648438,29.81999969482422,30.1200008392334,52531000
2022-05-04 00:00:00+00:00,14.902092933654785,32.06999969482422,32.16999816894531,30.399999618530273,30.600000381469727,109417000
2022-05-05 00:00:00+00:00,14.874211311340332,32.0099983215332,32.5,31.020000457763672,31.809999465942383,99439900
2022-05-06 00:00:00+00:00,15.362123489379883,33.060001373291016,33.119998931884766,31.899999618530273,32.689998626708984,129570200
2022-05-09 00:00:00+00:00,14.943913459777832,32.15999984741211,33.040000915527344,32.060001373291016,32.70000076293945,92314500
2022-05-10 00:00:00+00:00,15.07402229309082,32.439998626708984,32.849998474121094,32.20000076293945,32.36000061035156,60330600
2022-05-11 00:00:00+00:00,15.599103927612305,33.56999969482422,33.90999984741211,32.689998626708984,32.779998779296875,108895400
2022-05-12 00:00:00+00:00,15.719921112060547,33.83000183105469,34.08000183105469,33.2599983215332,33.2599983215332,114415900
2022-05-13 00:00:00+00:00,15.92437744140625,34.27000045776367,34.439998626708984,33.900001525878906,34.099998474121094,67000100
2022-05-16 00:00:00+00:00,16.08236312866211,34.61000061035156,34.880001068115234,34.0099983215332,34.25,92075300
2022-05-17 00:00:00+00:00,15.873263359069824,34.15999984741211,35.13999938964844,34.13999938964844,35.0,90914700
2022-05-18 00:00:00+00:00,15.613043785095215,33.599998474121094,34.560001373291016,33.43000030517578,34.18000030517578,80986200
2022-05-19 00:00:00+00:00,15.877907752990723,34.16999816894531,34.290000915527344,33.33000183105469,33.52000045776367,63983100
2022-05-20 00:00:00+00:00,16.184595108032227,34.83000183105469,34.83000183105469,34.25,34.59000015258789,79589900
2022-05-23 00:00:00+00:00,16.821199417114258,36.20000076293945,36.310001373291016,35.150001525878906,35.18000030517578,93807400
2022-05-24 00:00:00+00:00,16.363178253173828,31.600000381469727,32.09000015258789,30.709999084472656,31.200000762939453,154453100
2022-05-25 00:00:00+00:00,16.5961971282959,32.04999923706055,32.279998779296875,31.260000228881836,31.700000762939453,69991900
2022-05-26 00:00:00+00:00,16.63762664794922,32.130001068115234,32.560001373291016,31.950000762939453,32.02000045776367,78303600
2022-05-27 00:00:00+00:00,15.845355033874512,30.600000381469727,32.150001525878906,30.56999969482422,32.150001525878906,118295600
2022-05-30 00:00:00+00:00,15.529483795166016,29.989999771118164,30.8700008392334,29.1200008392334,30.84000015258789,98110100
2022-05-31 00:00:00+00:00,15.565730094909668,30.059999465942383,30.6200008392334,29.809999465942383,30.40999984741211,83598000
2022-06-01 00:00:00+00:00,15.545019149780273,30.020000457763672,30.329999923706055,29.850000381469727,29.899999618530273,46353200
2022-06-02 00:00:00+00:00,15.410386085510254,29.760000228881836,30.049999237060547,29.549999237060547,29.969999313354492,50738300
2022-06-03 00:00:00+00:00,15.679654121398926,30.280000686645508,30.440000534057617,29.530000686645508,29.709999084472656,60396900
2022-06-06 00:00:00+00:00,15.690011024475098,30.299999237060547,30.530000686645508,29.90999984741211,30.5,39213900
2022-06-07 00:00:00+00:00,15.87642765045166,30.65999984741211,31.299999237060547,30.15999984741211,30.190000534057617,80333700
2022-06-08 00:00:00+00:00,15.798751831054688,30.510000228881836,31.149999618530273,30.329999923706055,30.420000076293945,65923900
2022-06-09 00:00:00+00:00,15.570911407470703,30.06999969482422,30.65999984741211,29.979999542236328,30.510000228881836,53879000
2022-06-10 00:00:00+00:00,15.353422164916992,29.649999618530273,30.010000228881836,29.059999465942383,30.010000228881836,63101700
2022-06-13 00:00:00+00:00,15.156652450561523,29.270000457763672,29.579999923706055,28.670000076293945,29.020000457763672,64507100
2022-06-14 00:00:00+00:00,15.327533721923828,29.600000381469727,30.25,29.239999771118164,29.65999984741211,68816900
2022-06-15 00:00:00+00:00,15.058268547058105,29.079999923706055,30.020000457763672,28.84000015258789,30.0,72785700
2022-06-17 00:00:00+00:00,14.14172077178955,27.309999465942383,28.450000762939453,26.1299991607666,28.170000076293945,184606500
2022-06-20 00:00:00+00:00,14.30224609375,27.6200008392334,28.25,25.90999984741211,26.020000457763672,92581800
2022-06-21 00:00:00+00:00,14.017443656921387,27.06999969482422,28.15999984741211,26.690000534057617,27.799999237060547,85179500
2022-06-22 00:00:00+00:00,13.976018905639648,26.989999771118164,27.549999237060547,26.389999389648438,26.579999923706055,57874700
2022-06-23 00:00:00+00:00,13.717107772827148,26.489999771118164,27.3799991607666,26.1200008392334,26.979999542236328,69262300
2022-06-24 00:00:00+00:00,13.613543510437012,26.290000915527344,27.09000015258789,26.18000030517578,26.760000228881836,53413400
2022-06-27 00:00:00+00:00,14.488661766052246,27.979999542236328,28.06999969482422,26.65999984741211,26.81999969482422,90417700
2022-06-28 00:00:00+00:00,14.66989803314209,28.329999923706055,28.829999923706055,28.020000457763672,28.579999923706055,51388000
2022-06-29 00:00:00+00:00,14.540444374084473,28.079999923706055,28.81999969482422,27.84000015258789,28.479999542236328,52048800
2022-06-30 00:00:00+00:00,14.462770462036133,27.93000030517578,28.059999465942383,27.399999618530273,27.649999618530273,49910100
2022-07-01 00:00:00+00:00,14.77346420288086,28.530000686645508,28.850000381469727,27.520000457763672,28.079999923706055,64948200
2022-07-04 00:00:00+00:00,15.089336395263672,29.139999389648438,29.280000686645508,28.540000915527344,28.540000915527344,37324200
2022-07-05 00:00:00+00:00,14.514554023742676,28.030000686645508,28.950000762939453,27.549999237060547,28.899999618530273,78428500
2022-07-06 00:00:00+00:00,14.328137397766113,27.670000076293945,28.479999542236328,26.90999984741211,28.15999984741211,57617200
2022-07-07 00:00:00+00:00,14.74757194519043,28.479999542236328,28.920000076293945,28.0,28.0,52147300
2022-07-08 00:00:00+00:00,14.913274765014648,28.799999237060547,28.969999313354492,28.3700008392334,28.530000686645508,43097800
2022-07-11 00:00:00+00:00,14.840780258178711,28.65999984741211,28.790000915527344,28.25,28.31999969482422,39577600
2022-07-12 00:00:00+00:00,14.618118286132812,28.229999542236328,28.43000030517578,27.969999313354492,28.299999237060547,46462000
2022-07-13 00:00:00+00:00,14.628473281860352,28.25,28.479999542236328,27.979999542236328,28.1299991607666,35497200
2022-07-14 00:00:00+00:00,14.2349271774292,27.489999771118164,28.0,27.239999771118164,28.0,47151000
2022-07-15 00:00:00+00:00,14.478304862976074,27.959999084472656,28.049999237060547,27.489999771118164,27.700000762939453,38610800
2022-07-18 00:00:00+00:00,14.809713363647461,28.600000381469727,28.690000534057617,28.299999237060547,28.389999389648438,46782300
2022-07-19 00:00:00+00:00,15.110047340393066,29.18000030517578,29.239999771118164,28.399999618530273,28.549999237060547,48562300
2022-07-20 00:00:00+00:00,15.10487174987793,29.170000076293945,29.219999313354492,28.829999923706055,29.06999969482422,43520800
2022-07-21 00:00:00+00:00,15.02719497680664,29.020000457763672,29.1299991607666,28.200000762939453,28.979999542236328,58843200
2022-07-22 00:00:00+00:00,15.187722206115723,29.329999923706055,29.469999313354492,28.850000381469727,29.040000915527344,55676200
2022-07-25 00:00:00+00:00,15.897139549255371,30.700000762939453,30.75,29.610000610351562,29.610000610351562,79106600
2022-07-26 00:00:00+00:00,16.057662963867188,31.010000228881836,31.6200008392334,30.59000015258789,31.200000762939453,78360100
2022-07-27 00:00:00+00:00,16.23372459411621,31.350000381469727,31.469999313354492,30.6200008392334,31.299999237060547,56097200
2022-07-28 00:00:00+00:00,16.720476150512695,32.290000915527344,32.630001068115234,31.43000030517578,31.59000015258789,114996500
2022-07-29 00:00:00+00:00,17.683624267578125,34.150001525878906,34.65999984741211,32.83000183105469,33.599998474121094,181480600
2022-08-01 00:00:00+00:00,17.440248489379883,33.68000030517578,34.150001525878906,33.220001220703125,34.0,81365100
2022-08-02 00:00:00+00:00,17.517921447753906,33.83000183105469,34.5,33.47999954223633,33.77000045776367,69147100
2022-08-03 00:00:00+00:00,17.528274536132812,33.849998474121094,34.15999984741211,33.560001373291016,34.0099983215332,65544500
2022-08-04 00:00:00+00:00,17.714693069458008,34.209999084472656,34.400001525878906,33.58000183105469,34.08000183105469,54387500
2022-08-05 00:00:00+00:00,18.056455612182617,34.869998931884766,35.060001373291016,34.119998931884766,34.150001525878906,77882600
2022-08-08 00:00:00+00:00,18.967823028564453,36.630001068115234,36.77000045776367,35.130001068115234,35.13999938964844,109484600
2022-08-09 00:00:00+00:00,19.27851676940918,37.22999954223633,37.459999084472656,36.849998474121094,37.0099983215332,79051200
2022-08-10 00:00:00+00:00,19.216379165649414,37.11000061035156,37.650001525878906,36.61000061035156,37.650001525878906,78369600
2022-08-11 00:00:00+00:00,18.77105140686035,36.25,37.86000061035156,36.25,37.45000076293945,128896500
2022-08-12 00:00:00+00:00,20.16498565673828,31.709999084472656,31.829999923706055,29.079999923706055,29.100000381469727,171288300
2022-08-15 00:00:00+00:00,20.171344757080078,31.719999313354492,32.22999954223633,30.549999237060547,30.8799991607666,96759000
2022-08-16 00:00:00+00:00,20.355762481689453,32.0099983215332,32.06999969482422,31.5,31.719999313354492,64218800
2022-08-17 00:00:00+00:00,20.832698822021484,32.7599983215332,32.81999969482422,31.600000381469727,31.649999618530273,72924700
2022-08-18 00:00:00+00:00,21.252408981323242,33.41999816894531,33.65999984741211,32.869998931884766,33.099998474121094,84552500
2022-08-19 00:00:00+00:00,20.177705764770508,31.729999542236328,33.150001525878906,31.329999923706055,32.91999816894531,125178200
2022-08-22 00:00:00+00:00,20.610132217407227,32.40999984741211,32.58000183105469,30.479999542236328,31.739999771118164,92400300
2022-08-23 00:00:00+00:00,21.265125274658203,33.439998626708984,33.5,32.619998931884766,32.630001068115234,73215800
2022-08-24 00:00:00+00:00,21.392309188842773,33.63999938964844,34.119998931884766,33.25,33.540000915527344,61067900
2022-08-25 00:00:00+00:00,21.16337776184082,33.279998779296875,34.36000061035156,32.66999816894531,34.099998474121094,99511600
2022-08-26 00:00:00+00:00,21.392309188842773,33.63999938964844,33.66999816894531,32.56999969482422,33.279998779296875,63545400
2022-08-29 00:00:00+00:00,21.926485061645508,34.47999954223633,35.08000183105469,33.45000076293945,33.54999923706055,73339500
2022-08-30 00:00:00+00:00,20.622848510742188,32.43000030517578,34.220001220703125,32.27000045776367,34.0,99361100
2022-08-31 00:00:00+00:00,21.131582260131836,33.22999954223633,33.439998626708984,31.81999969482422,32.06999969482422,114235400
2022-09-01 00:00:00+00:00,21.525850296020508,33.849998474121094,33.95000076293945,32.7599983215332,33.36000061035156,69184700
2022-09-02 00:00:00+00:00,21.252408981323242,33.41999816894531,34.56999969482422,33.2599983215332,34.439998626708984,81792300
2022-09-05 00:00:00+00:00,21.201536178588867,33.34000015258789,34.11000061035156,33.150001525878906,33.849998474121094,76337600
2022-09-06 00:00:00+00:00,20.412996292114258,32.099998474121094,32.59000015258789,31.510000228881836,32.27000045776367,111813500
2022-09-08 00:00:00+00:00,20.222219467163086,31.799999237060547,32.779998779296875,31.399999618530273,32.310001373291016,63159800
2022-09-09 00:00:00+00:00,20.21586036682129,31.790000915527344,32.66999816894531,31.700000762939453,32.4900016784668,49871900
2022-09-12 00:00:00+00:00,20.018722534179688,31.479999542236328,32.72999954223633,31.459999084472656,32.150001525878906,71374500
2022-09-13 00:00:00+00:00,19.49091148376465,30.649999618530273,31.440000534057617,30.520000457763672,30.940000534057617,88327800
2022-09-14 00:00:00+00:00,19.789796829223633,31.1200008392334,31.43000030517578,30.6299991607666,30.75,49039700
2022-09-15 00:00:00+00:00,19.75164222717285,31.059999465942383,31.229999542236328,30.799999237060547,30.920000076293945,45553200
2022-09-16 00:00:00+00:00,19.57358169555664,30.780000686645508,30.950000762939453,30.34000015258789,30.860000610351562,107303600
2022-09-19 00:00:00+00:00,19.885183334350586,31.270000457763672,31.3799991607666,29.8799991607666,30.5,65559900
2022-09-20 00:00:00+00:00,19.77071762084961,31.09000015258789,31.600000381469727,30.84000015258789,31.420000076293945,67798200
2022-09-21 00:00:00+00:00,19.821592330932617,31.170000076293945,31.469999313354492,30.889999389648438,31.350000381469727,58812200
2022-09-22 00:00:00+00:00,20.311248779296875,31.940000534057617,32.08000183105469,31.030000686645508,31.479999542236328,69764300
2022-09-23 00:00:00+00:00,19.039411544799805,29.940000534057617,31.389999389648438,29.770000457763672,31.31999969482422,138630800
2022-09-26 00:00:00+00:00,18.626066207885742,29.290000915527344,30.079999923706055,29.270000457763672,29.719999313354492,42934600
2022-09-27 00:00:00+00:00,18.86771583557129,29.670000076293945,29.8799991607666,29.579999923706055,29.65999984741211,71087600
2022-09-28 00:00:00+00:00,18.613344192504883,29.270000457763672,29.81999969482422,28.579999923706055,29.670000076293945,104670700
2022-09-29 00:00:00+00:00,18.638782501220703,29.309999465942383,29.399999618530273,28.600000381469727,28.989999771118164,87536500
2022-09-30 00:00:00+00:00,18.950380325317383,29.799999237060547,30.489999771118164,29.0,29.219999313354492,121637100
2022-10-03 00:00:00+00:00,20.4638671875,32.18000030517578,32.63999938964844,31.65999984741211,31.90999984741211,179694100
2022-10-04 00:00:00+00:00,19.948774337768555,31.3700008392334,32.97999954223633,31.06999969482422,32.900001525878906,115917200
2022-10-05 00:00:00+00:00,20.699155807495117,32.54999923706055,32.81999969482422,31.200000762939453,31.40999984741211,92893700
2022-10-06 00:00:00+00:00,21.405029296875,33.65999984741211,33.790000915527344,32.439998626708984,33.0,82671900
2022-10-07 00:00:00+00:00,21.385950088500977,33.630001068115234,34.31999969482422,33.220001220703125,33.58000183105469,73500100
2022-10-10 00:00:00+00:00,21.14430046081543,33.25,33.88999938964844,33.0,33.650001525878906,52222600
2022-10-11 00:00:00+00:00,20.985322952270508,33.0,33.33000183105469,32.61000061035156,32.88999938964844,58332400
2022-10-13 00:00:00+00:00,21.583084106445312,33.939998626708984,34.4900016784668,32.40999984741211,32.5,91143900
2022-10-14 00:00:00+00:00,21.252408981323242,33.41999816894531,34.13999938964844,33.29999923706055,33.970001220703125,62246100
2022-10-17 00:00:00+00:00,21.23332977294922,33.38999938964844,34.150001525878906,32.84000015258789,33.2400016784668,100936400
2022-10-18 00:00:00+00:00,21.754783630371094,34.209999084472656,34.22999954223633,33.15999984741211,33.900001525878906,82313200
2022-10-19 00:00:00+00:00,22.524246215820312,35.41999816894531,35.560001373291016,34.02000045776367,34.130001068115234,113700900
2022-10-20 00:00:00+00:00,23.191959381103516,36.470001220703125,36.54999923706055,35.77000045776367,36.099998474121094,114347400
2022-10-21 00:00:00+00:00,23.986858367919922,37.720001220703125,38.38999938964844,36.38999938964844,36.45000076293945,139601400
2022-10-24 00:00:00+00:00,21.780221939086914,34.25,36.81999969482422,34.22999954223633,36.5,142110900
2022-10-25 00:00:00+00:00,21.322359085083008,33.529998779296875,34.5,33.209999084472656,34.040000915527344,113161200
2022-10-26 00:00:00+00:00,20.8009033203125,32.709999084472656,33.529998779296875,31.899999618530273,32.599998474121094,121334800
2022-10-27 00:00:00+00:00,20.959884643554688,32.959999084472656,33.540000915527344,32.66999816894531,32.810001373291016,111008800
2022-10-28 00:00:00+00:00,20.711877822875977,32.56999969482422,33.119998931884766,31.860000610351562,32.70000076293945,129745400
2022-10-31 00:00:00+00:00,18.956741333007812,29.809999465942383,31.600000381469727,29.15999984741211,30.610000610351562,262409400
2022-11-01 00:00:00+00:00,18.988536834716797,29.860000610351562,30.670000076293945,29.559999465942383,30.56999969482422,115944200
2022-11-03 00:00:00+00:00,19.04576873779297,29.950000762939453,30.389999389648438,29.440000534057617,29.799999237060547,139062100
2022-11-04 00:00:00+00:00,17.996503829956055,28.299999237060547,30.899999618530273,28.18000030517578,30.799999237060547,195361000
2022-11-07 00:00:00+00:00,17.26519775390625,27.149999618530273,28.299999237060547,27.06999969482422,27.959999084472656,117206600
2022-11-08 00:00:00+00:00,17.392383575439453,27.350000381469727,27.530000686645508,26.75,27.059999465942383,94745400
2022-11-09 00:00:00+00:00,17.106218338012695,26.899999618530273,27.950000762939453,26.639999389648438,27.149999618530273,103303500
2022-11-10 00:00:00+00:00,16.610198974609375,26.1200008392334,26.889999389648438,25.610000610351562,26.079999923706055,145470100
2022-11-11 00:00:00+00:00,17.163450241088867,26.989999771118164,27.360000610351562,25.700000762939453,25.799999237060547,146365800
2022-11-14 00:00:00+00:00,17.614952087402344,27.700000762939453,28.18000030517578,27.09000015258789,27.260000228881836,66639500
2022-11-16 00:00:00+00:00,17.26519775390625,27.149999618530273,28.110000610351562,26.93000030517578,27.809999465942383,85549900
2022-11-17 00:00:00+00:00,17.271556854248047,27.15999984741211,27.299999237060547,26.549999237060547,27.0,101525800
2022-11-18 00:00:00+00:00,16.979034423828125,26.700000762939453,27.600000381469727,26.219999313354492,27.399999618530273,127683500
2022-11-21 00:00:00+00:00,17.0299072265625,26.780000686645508,27.56999969482422,26.049999237060547,27.1200008392334,164898100
2022-11-22 00:00:00+00:00,15.872443199157715,23.329999923706055,23.43000030517578,22.299999237060547,23.0,164261300
2022-11-23 00:00:00+00:00,15.947280883789062,23.440000534057617,23.649999618530273,22.799999237060547,23.0,77317300
2022-11-24 00:00:00+00:00,16.49835968017578,24.25,24.6299991607666,23.25,23.520000457763672,94233800
2022-11-25 00:00:00+00:00,16.2330265045166,23.860000610351562,24.329999923706055,23.600000381469727,24.260000228881836,58635900
2022-11-28 00:00:00+00:00,16.573196411132812,24.360000610351562,24.549999237060547,23.540000915527344,23.649999618530273,56067400
2022-11-29 00:00:00+00:00,17.26714515686035,25.3799991607666,25.8799991607666,24.479999542236328,24.600000381469727,96151500
2022-11-30 00:00:00+00:00,18.137990951538086,26.65999984741211,26.65999984741211,25.5,25.600000381469727,120774700
2022-12-01 00:00:00+00:00,17.410018920898438,25.59000015258789,26.790000915527344,25.559999465942383,26.579999923706055,71259400
2022-12-02 00:00:00+00:00,17.627729415893555,25.90999984741211,26.450000762939453,25.309999465942383,25.690000534057617,66301000
2022-12-05 00:00:00+00:00,17.430431365966797,25.6200008392334,26.579999923706055,25.549999237060547,26.0,56065400
2022-12-06 00:00:00+00:00,17.44403839111328,25.639999389648438,26.389999389648438,25.420000076293945,25.81999969482422,74991200
2022-12-07 00:00:00+00:00,17.246736526489258,25.350000381469727,26.06999969482422,25.270000457763672,25.34000015258789,57008400
2022-12-08 00:00:00+00:00,16.858943939208984,24.780000686645508,25.790000915527344,24.639999389648438,25.549999237060547,55567700
2022-12-09 00:00:00+00:00,16.811317443847656,24.709999084472656,25.049999237060547,24.489999771118164,24.989999771118164,61586200
2022-12-12 00:00:00+00:00,16.267038345336914,23.90999984741211,24.65999984741211,23.1299991607666,24.579999923706055,111293100
2022-12-13 00:00:00+00:00,15.865635871887207,23.31999969482422,24.200000762939453,23.309999465942383,24.100000381469727,102533100
2022-12-14 00:00:00+00:00,14.607000350952148,21.469999313354492,22.600000381469727,20.770000457763672,22.5,319501600
2022-12-15 00:00:00+00:00,14.994799613952637,22.040000915527344,22.3700008392334,20.829999923706055,21.0,132385600
2022-12-16 00:00:00+00:00,15.00160026550293,22.049999237060547,22.110000610351562,21.510000228881836,21.959999084472656,90767300
2022-12-19 00:00:00+00:00,15.226112365722656,22.3799991607666,22.510000228881836,21.639999389648438,22.100000381469727,63074100
2022-12-20 00:00:00+00:00,15.695550918579102,23.06999969482422,23.239999771118164,22.209999084472656,22.389999389648438,71875500
2022-12-21 00:00:00+00:00,16.035724639892578,23.56999969482422,23.719999313354492,22.850000381469727,23.5,74252800
2022-12-22 00:00:00+00:00,16.321468353271484,23.989999771118164,24.559999465942383,23.700000762939453,23.899999618530273,81894800
2022-12-23 00:00:00+00:00,17.090259552001953,25.1200008392334,25.219999313354492,24.1299991607666,24.1299991607666,68387900
2022-12-26 00:00:00+00:00,16.967798233032227,24.940000534057617,25.299999237060547,24.81999969482422,25.1200008392334,28765200
2022-12-27 00:00:00+00:00,17.083454132080078,25.110000610351562,25.309999465942383,24.549999237060547,25.25,50803200
2022-12-28 00:00:00+00:00,16.87255096435547,24.799999237060547,25.31999969482422,24.75,25.100000381469727,57293500
2022-12-29 00:00:00+00:00,16.668445587158203,24.5,25.049999237060547,24.43000030517578,24.989999771118164,57901800
2023-01-02 00:00:00+00:00,15.593501091003418,22.920000076293945,23.809999465942383,22.799999237060547,23.540000915527344,78424700
2023-01-03 00:00:00+00:00,15.198902130126953,22.34000015258789,23.100000381469727,22.1299991607666,22.940000534057617,96750300
2023-01-04 00:00:00+00:00,15.681944847106934,23.049999237060547,23.59000015258789,21.829999923706055,21.959999084472656,129504000
2023-01-05 00:00:00+00:00,16.24662971496582,23.8799991607666,24.040000915527344,23.149999618530273,23.34000015258789,73886000
2023-01-06 00:00:00+00:00,16.151386260986328,23.739999771118164,24.31999969482422,23.549999237060547,23.940000534057617,51851500
2023-01-09 00:00:00+00:00,16.239831924438477,23.8700008392334,24.0,23.25,23.5,46385200
2023-01-10 00:00:00+00:00,16.389503479003906,24.09000015258789,24.110000610351562,23.3700008392334,23.950000762939453,52741100
2023-01-11 00:00:00+00:00,16.518768310546875,24.280000686645508,24.6200008392334,24.049999237060547,24.149999618530273,53536500
2023-01-12 00:00:00+00:00,16.75689125061035,24.6299991607666,24.649999618530273,24.110000610351562,24.290000915527344,58130000
2023-01-13 00:00:00+00:00,16.7160701751709,24.56999969482422,24.65999984741211,24.25,24.440000534057617,40002700
2023-01-16 00:00:00+00:00,16.355485916137695,24.040000915527344,24.5,23.829999923706055,24.40999984741211,31973700
2023-01-17 00:00:00+00:00,17.36240005493164,25.520000457763672,25.6200008392334,24.110000610351562,24.110000610351562,91797500
2023-01-18 00:00:00+00:00,17.056241989135742,25.06999969482422,26.030000686645508,25.0,25.84000015258789,69692900
2023-01-19 00:00:00+00:00,17.614124298095703,25.889999389648438,25.950000762939453,24.790000915527344,25.0,75553300
2023-01-20 00:00:00+00:00,17.940689086914062,26.3700008392334,26.600000381469727,25.420000076293945,25.889999389648438,114219500
2023-01-23 00:00:00+00:00,18.2264347076416,26.790000915527344,27.600000381469727,26.1299991607666,26.270000457763672,87678100
2023-01-24 00:00:00+00:00,18.09716796875,26.600000381469727,27.530000686645508,26.3700008392334,27.469999313354492,65794000
2023-01-25 00:00:00+00:00,18.328487396240234,26.940000534057617,27.079999923706055,26.010000228881836,26.549999237060547,51832900
2023-01-26 00:00:00+00:00,17.85904884338379,26.25,27.200000762939453,25.799999237060547,27.09000015258789,73344800
2023-01-27 00:00:00+00:00,17.430431365966797,25.6200008392334,26.229999542236328,25.440000534057617,26.18000030517578,47681900
2023-01-30 00:00:00+00:00,17.518877029418945,25.75,26.06999969482422,25.510000228881836,25.850000381469727,40683200
2023-01-31 00:00:00+00:00,17.73658561706543,26.06999969482422,26.209999084472656,25.520000457763672,25.6299991607666,54048900
2023-02-01 00:00:00+00:00,17.491662979125977,25.709999084472656,26.479999542236328,25.450000762939453,26.06999969482422,56349200
2023-02-02 00:00:00+00:00,16.68205451965332,24.520000457763672,25.809999465942383,24.420000076293945,25.510000228881836,83823000
2023-02-03 00:00:00+00:00,16.86574363708496,24.790000915527344,25.3799991607666,24.420000076293945,24.540000915527344,71170700
2023-02-06 00:00:00+00:00,17.539287567138672,25.780000686645508,25.8700008392334,24.75,24.8700008392334,82794500
2023-02-07 00:00:00+00:00,17.430431365966797,25.6200008392334,26.139999389648438,25.459999084472656,25.90999984741211,55311800
2023-02-08 00:00:00+00:00,17.722978591918945,26.049999237060547,26.149999618530273,25.559999465942383,25.799999237060547,48713100
2023-02-09 00:00:00+00:00,17.641340255737305,25.93000030517578,26.31999969482422,25.790000915527344,26.049999237060547,38198300
2023-02-10 00:00:00+00:00,18.178813934326172,26.719999313354492,26.790000915527344,25.93000030517578,25.979999542236328,54683100
2023-02-13 00:00:00+00:00,18.233238220214844,26.799999237060547,26.889999389648438,26.3700008392334,26.690000534057617,36726900
2023-02-14 00:00:00+00:00,18.165205001831055,26.700000762939453,27.059999465942383,26.600000381469727,26.850000381469727,35839000
2023-02-15 00:00:00+00:00,18.192415237426758,26.739999771118164,26.799999237060547,26.299999237060547,26.579999923706055,72554100
2023-02-16 00:00:00+00:00,18.267253875732422,26.850000381469727,26.950000762939453,26.489999771118164,26.600000381469727,44115700
2023-02-17 00:00:00+00:00,17.988313674926758,26.440000534057617,26.670000076293945,26.3700008392334,26.670000076293945,61085700
2023-02-22 00:00:00+00:00,17.525678634643555,25.760000228881836,26.110000610351562,25.690000534057617,26.0,38608500
2023-02-23 00:00:00+00:00,18.06315040588379,26.549999237060547,26.790000915527344,25.770000457763672,25.770000457763672,73913400
2023-02-24 00:00:00+00:00,17.620927810668945,25.899999618530273,26.700000762939453,25.8700008392334,26.670000076293945,64409100
2023-02-27 00:00:00+00:00,17.791013717651367,26.149999618530273,26.739999771118164,25.809999465942383,25.84000015258789,76250600
2023-02-28 00:00:00+00:00,17.171899795532227,25.239999771118164,26.920000076293945,25.239999771118164,26.209999084472656,130248100
2023-03-01 00:00:00+00:00,17.212718963623047,25.299999237060547,25.43000030517578,24.190000534057617,25.309999465942383,109257700
2023-03-02 00:00:00+00:00,16.763690948486328,24.639999389648438,25.670000076293945,24.3700008392334,25.420000076293945,124516200
2023-03-03 00:00:00+00:00,17.4848575592041,25.700000762939453,25.739999771118164,24.450000762939453,24.829999923706055,87591800
2023-03-06 00:00:00+00:00,17.661746978759766,25.959999084472656,26.1200008392334,25.3700008392334,25.700000762939453,50227400
2023-03-07 00:00:00+00:00,17.07665252685547,25.100000381469727,25.780000686645508,24.93000030517578,25.719999313354492,59052500
2023-03-08 00:00:00+00:00,17.294363021850586,25.420000076293945,25.920000076293945,25.1299991607666,25.149999618530273,66220400
2023-03-09 00:00:00+00:00,17.219526290893555,25.309999465942383,26.229999542236328,25.280000686645508,25.350000381469727,68042300
2023-03-10 00:00:00+00:00,16.99500846862793,24.979999542236328,25.579999923706055,24.940000534057617,25.15999984741211,48118600
2023-03-13 00:00:00+00:00,16.45754051208496,24.190000534057617,24.860000610351562,24.100000381469727,24.549999237060547,58605500
2023-03-14 00:00:00+00:00,16.164989471435547,23.760000228881836,24.729999542236328,23.600000381469727,24.280000686645508,58916700
2023-03-15 00:00:00+00:00,15.879243850708008,23.34000015258789,23.479999542236328,22.799999237060547,23.329999923706055,93708800
2023-03-16 00:00:00+00:00,15.824817657470703,23.260000228881836,23.520000457763672,22.969999313354492,23.399999618530273,66821000
2023-03-17 00:00:00+00:00,15.994904518127441,23.510000228881836,23.510000228881836,22.860000610351562,23.100000381469727,93502700
2023-03-20 00:00:00+00:00,15.600306510925293,22.93000030517578,23.649999618530273,22.889999389648438,23.510000228881836,57575200
2023-03-21 00:00:00+00:00,15.920065879821777,23.399999618530273,23.600000381469727,23.079999923706055,23.200000762939453,43391200
2023-03-22 00:00:00+00:00,15.872443199157715,23.329999923706055,23.6200008392334,23.040000915527344,23.389999389648438,46435600
2023-03-23 00:00:00+00:00,15.511857986450195,22.799999237060547,23.670000076293945,22.59000015258789,23.3700008392334,74711200
2023-03-24 00:00:00+00:00,15.505056381225586,22.790000915527344,23.1299991607666,22.479999542236328,22.709999084472656,52556800
2023-03-27 00:00:00+00:00,15.770389556884766,23.18000030517578,23.360000610351562,22.829999923706055,23.110000610351562,39148700
2023-03-28 00:00:00+00:00,16.049331665039062,23.59000015258789,23.639999389648438,23.149999618530273,23.219999313354492,29091100
2023-03-29 00:00:00+00:00,16.260238647460938,23.899999618530273,24.040000915527344,23.469999313354492,23.709999084472656,49148600
2023-03-30 00:00:00+00:00,16.307861328125,23.969999313354492,24.280000686645508,23.68000030517578,24.25,56116900
2023-03-31 00:00:00+00:00,15.954084396362305,23.450000762939453,24.219999313354492,23.209999084472656,24.0,59547800
2023-04-03 00:00:00+00:00,16.66164207458496,24.489999771118164,24.5,23.799999237060547,24.09000015258789,73931200
2023-04-04 00:00:00+00:00,16.511966705322266,24.270000457763672,24.760000228881836,24.100000381469727,24.6299991607666,57505700
2023-04-05 00:00:00+00:00,16.56639289855957,24.350000381469727,24.530000686645508,23.270000457763672,24.190000534057617,93626400
2023-04-06 00:00:00+00:00,16.32827377319336,24.0,24.420000076293945,23.950000762939453,24.34000015258789,29565400
2023-04-10 00:00:00+00:00,16.675249099731445,24.510000228881836,24.65999984741211,24.030000686645508,24.030000686645508,41455900
2023-04-11 00:00:00+00:00,17.4576473236084,25.65999984741211,25.700000762939453,24.6299991607666,24.700000762939453,80565000
2023-04-12 00:00:00+00:00,17.586910247802734,25.850000381469727,26.149999618530273,25.18000030517578,25.979999542236328,71563400
2023-04-13 00:00:00+00:00,17.709375381469727,26.030000686645508,26.09000015258789,25.799999237060547,25.850000381469727,38852800
2023-04-14 00:00:00+00:00,17.893064498901367,26.299999237060547,26.399999618530273,25.719999313354492,25.799999237060547,38421100
2023-04-17 00:00:00+00:00,18.172006607055664,26.709999084472656,26.799999237060547,26.209999084472656,26.239999771118164,49427100
2023-04-18 00:00:00+00:00,18.634641647338867,27.389999389648438,27.6200008392334,26.520000457763672,26.709999084472656,99478800
2023-04-19 00:00:00+00:00,18.035940170288086,26.510000228881836,27.309999465942383,26.450000762939453,27.15999984741211,73217800
2023-04-20 00:00:00+00:00,18.15839958190918,26.690000534057617,26.979999542236328,26.290000915527344,26.520000457763672,54738400
2023-04-24 00:00:00+00:00,18.5053768157959,27.200000762939453,27.260000228881836,26.5,26.600000381469727,43820900
2023-04-25 00:00:00+00:00,18.430538177490234,27.09000015258789,27.5,26.719999313354492,27.15999984741211,53854100
2023-04-26 00:00:00+00:00,18.199220657348633,26.75,27.219999313354492,26.75,27.1200008392334,40249400
2023-04-27 00:00:00+00:00,17.75699806213379,26.100000381469727,27.18000030517578,25.90999984741211,26.850000381469727,115632700
2023-04-28 00:00:00+00:00,18.163305282592773,23.700000762939453,24.049999237060547,23.149999618530273,23.600000381469727,81138500
2023-05-02 00:00:00+00:00,17.427576065063477,22.739999771118164,23.739999771118164,22.639999389648438,23.700000762939453,67911100
2023-05-03 00:00:00+00:00,17.366268157958984,22.65999984741211,22.989999771118164,22.420000076293945,22.600000381469727,51133700
2023-05-04 00:00:00+00:00,17.642162322998047,23.020000457763672,23.3799991607666,22.610000610351562,22.889999389648438,57854400
2023-05-05 00:00:00+00:00,18.39322280883789,24.0,24.170000076293945,23.18000030517578,23.299999237060547,83365200
2023-05-08 00:00:00+00:00,18.784074783325195,24.510000228881836,24.6299991607666,24.209999084472656,24.450000762939453,59352300
2023-05-09 00:00:00+00:00,18.845388412475586,24.59000015258789,24.799999237060547,24.239999771118164,24.40999984741211,33978200
2023-05-10 00:00:00+00:00,18.79940414428711,24.530000686645508,24.81999969482422,24.329999923706055,24.59000015258789,41500700
2023-05-11 00:00:00+00:00,19.48914909362793,25.43000030517578,25.479999542236328,23.93000030517578,24.1299991607666,136878100
2023-05-12 00:00:00+00:00,20.117584228515625,26.25,26.739999771118164,25.479999542236328,25.579999923706055,117237500
2023-05-15 00:00:00+00:00,19.66541862487793,25.65999984741211,26.149999618530273,25.399999618530273,26.059999465942383,81996700
2023-05-16 00:00:00+00:00,20.15590476989746,26.299999237060547,27.030000686645508,26.079999923706055,26.110000610351562,117782700
2023-05-17 00:00:00+00:00,19.66541862487793,25.65999984741211,26.760000228881836,25.510000228881836,26.600000381469727,107129200
2023-05-18 00:00:00+00:00,19.780372619628906,25.809999465942383,25.850000381469727,25.350000381469727,25.59000015258789,63010500
2023-05-19 00:00:00+00:00,19.749723434448242,25.770000457763672,26.18000030517578,25.639999389648438,26.079999923706055,69245500
2023-05-22 00:00:00+00:00,19.634763717651367,25.6200008392334,26.010000228881836,25.5,25.8799991607666,38010200
2023-05-23 00:00:00+00:00,20.117584228515625,26.25,26.43000030517578,25.520000457763672,25.649999618530273,58285300
2023-05-24 00:00:00+00:00,20.424137115478516,26.649999618530273,26.899999618530273,26.049999237060547,26.25,54796400
2023-05-25 00:00:00+00:00,20.270864486694336,26.450000762939453,26.84000015258789,26.190000534057617,26.799999237060547,49182700
2023-05-26 00:00:00+00:00,20.539094924926758,26.799999237060547,26.90999984741211,26.530000686645508,26.809999465942383,39866600
2023-05-29 00:00:00+00:00,20.45479393005371,26.690000534057617,26.81999969482422,26.559999465942383,26.75,17977100
2023-05-30 00:00:00+00:00,20.224878311157227,26.389999389648438,26.799999237060547,26.260000228881836,26.719999313354492,45736700
2023-05-31 00:00:00+00:00,20.017953872680664,26.1200008392334,26.360000610351562,25.8700008392334,26.270000457763672,49207600
2023-06-01 00:00:00+00:00,20.661718368530273,26.959999084472656,27.0,26.15999984741211,26.299999237060547,63148200
2023-06-02 00:00:00+00:00,20.830320358276367,27.18000030517578,27.600000381469727,27.110000610351562,27.43000030517578,39919300
2023-06-05 00:00:00+00:00,21.052570343017578,27.469999313354492,27.559999465942383,27.229999542236328,27.540000915527344,39321700
2023-06-06 00:00:00+00:00,21.4970760345459,28.049999237060547,28.25,27.209999084472656,27.450000762939453,75426600
2023-06-07 00:00:00+00:00,22.125513076782227,28.8700008392334,29.059999465942383,28.43000030517578,28.649999618530273,82330400
2023-06-09 00:00:00+00:00,23.206113815307617,30.280000686645508,30.389999389648438,29.020000457763672,29.100000381469727,80442400
2023-06-12 00:00:00+00:00,23.612295150756836,30.809999465942383,30.989999771118164,30.040000915527344,30.219999313354492,119350400
2023-06-13 00:00:00+00:00,23.56622314453125,28.860000610351562,29.239999771118164,28.59000015258789,29.239999771118164,79174900
2023-06-14 00:00:00+00:00,24.578771591186523,30.100000381469727,30.100000381469727,28.8799991607666,28.940000534057617,98326000
2023-06-15 00:00:00+00:00,23.999004364013672,29.389999389648438,30.850000381469727,29.280000686645508,30.200000762939453,120579500
2023-06-16 00:00:00+00:00,24.20314598083496,29.639999389648438,29.920000076293945,29.040000915527344,29.229999542236328,94572000
2023-06-19 00:00:00+00:00,24.840072631835938,30.420000076293945,30.459999084472656,29.549999237060547,29.6299991607666,34573900
2023-06-20 00:00:00+00:00,24.962556838989258,30.56999969482422,30.75,29.899999618530273,30.299999237060547,55605300
2023-06-21 00:00:00+00:00,26.007768630981445,31.850000381469727,32.0,30.850000381469727,30.93000030517578,89294300
2023-06-22 00:00:00+00:00,25.681140899658203,31.450000762939453,31.690000534057617,31.079999923706055,31.459999084472656,43455800
2023-06-23 00:00:00+00:00,24.627763748168945,30.15999984741211,31.280000686645508,29.889999389648438,31.200000762939453,76023400
2023-06-26 00:00:00+00:00,25.18303108215332,30.84000015258789,31.049999237060547,30.1200008392334,30.1200008392334,53635000
2023-06-27 00:00:00+00:00,24.987056732177734,30.600000381469727,31.200000762939453,30.34000015258789,30.93000030517578,48399600
2023-06-28 00:00:00+00:00,25.223859786987305,30.889999389648438,31.18000030517578,30.549999237060547,30.579999923706055,36794600
2023-06-29 00:00:00+00:00,25.338180541992188,31.030000686645508,31.1200008392334,30.760000228881836,31.0,32071800
2023-06-30 00:00:00+00:00,24.113325119018555,29.530000686645508,31.079999923706055,29.31999969482422,31.0,104262900
2023-07-03 00:00:00+00:00,24.562440872192383,30.079999923706055,30.18000030517578,29.719999313354492,29.719999313354492,31266900
2023-07-04 00:00:00+00:00,24.619596481323242,30.149999618530273,30.389999389648438,29.959999084472656,29.959999084472656,18308000
2023-07-05 00:00:00+00:00,24.586936950683594,30.110000610351562,30.549999237060547,29.65999984741211,30.15999984741211,53585500
2023-07-06 00:00:00+00:00,24.211313247680664,29.649999618530273,30.0,29.149999618530273,29.850000381469727,47685700
2023-07-07 00:00:00+00:00,24.088825225830078,29.5,30.200000762939453,29.360000610351562,29.760000228881836,55533500
2023-07-10 00:00:00+00:00,24.129655838012695,29.549999237060547,29.670000076293945,29.010000228881836,29.110000610351562,25590200
2023-07-11 00:00:00+00:00,23.803028106689453,29.149999618530273,29.530000686645508,29.0,29.530000686645508,40877000
2023-07-12 00:00:00+00:00,23.819358825683594,29.170000076293945,29.770000457763672,29.139999389648438,29.200000762939453,40181800
2023-07-13 00:00:00+00:00,24.19498062133789,29.6299991607666,29.719999313354492,29.040000915527344,29.06999969482422,35886500
2023-07-14 00:00:00+00:00,23.721370697021484,29.049999237060547,29.579999923706055,28.860000610351562,29.5,34451100
2023-07-17 00:00:00+00:00,23.672378540039062,28.989999771118164,29.09000015258789,27.950000762939453,28.40999984741211,52160800
2023-07-18 00:00:00+00:00,23.541725158691406,28.829999923706055,29.200000762939453,28.709999084472656,29.0,35640400
2023-07-19 00:00:00+00:00,23.76219940185547,29.100000381469727,29.1299991607666,28.56999969482422,28.809999465942383,46517700
2023-07-20 00:00:00+00:00,23.786693572998047,29.1299991607666,29.350000381469727,28.8799991607666,29.06999969482422,33177100
2023-07-21 00:00:00+00:00,24.235811233520508,29.68000030517578,29.860000610351562,29.1299991607666,29.149999618530273,52059200
2023-07-24 00:00:00+00:00,24.742082595825195,30.299999237060547,30.40999984741211,29.760000228881836,29.799999237060547,45268100
2023-07-25 00:00:00+00:00,25.313684463500977,31.0,31.049999237060547,30.200000762939453,30.5,56261000
2023-07-26 00:00:00+00:00,25.313684463500977,31.0,31.219999313354492,30.6299991607666,30.950000762939453,45880200
2023-07-27 00:00:00+00:00,23.999004364013672,29.389999389648438,30.889999389648438,29.3799991607666,30.850000381469727,86471900
2023-07-28 00:00:00+00:00,24.301136016845703,29.760000228881836,29.950000762939453,29.31999969482422,29.43000030517578,43608600
2023-07-31 00:00:00+00:00,25.403507232666016,31.110000610351562,31.149999618530273,30.299999237060547,30.299999237060547,91290800
2023-08-01 00:00:00+00:00,24.987056732177734,30.600000381469727,31.09000015258789,29.950000762939453,31.09000015258789,75752400
2023-08-02 00:00:00+00:00,24.929893493652344,30.530000686645508,30.579999923706055,29.799999237060547,30.510000228881836,62068400
2023-08-03 00:00:00+00:00,25.24835777282715,30.920000076293945,31.1299991607666,30.6200008392334,30.93000030517578,57304400
2023-08-04 00:00:00+00:00,24.49711036682129,30.0,31.139999389648438,29.739999771118164,30.700000762939453,120685800
2023-08-07 00:00:00+00:00,24.652263641357422,30.190000534057617,30.5,29.860000610351562,29.860000610351562,44984900
2023-08-08 00:00:00+00:00,24.6767578125,30.219999313354492,30.389999389648438,29.719999313354492,29.90999984741211,34771300
2023-08-09 00:00:00+00:00,24.87273597717285,30.459999084472656,30.719999313354492,30.15999984741211,30.209999084472656,48561500
2023-08-10 00:00:00+00:00,25.011550903320312,30.6299991607666,30.860000610351562,30.1200008392334,30.299999237060547,54020200
2023-08-11 00:00:00+00:00,24.954391479492188,30.559999465942383,31.040000915527344,30.15999984741211,30.610000610351562,39403200
2023-08-14 00:00:00+00:00,25.019718170166016,30.639999389648438,30.739999771118164,30.270000457763672,30.479999542236328,27992700
2023-08-15 00:00:00+00:00,25.199365615844727,30.860000610351562,32.150001525878906,30.850000381469727,32.04999923706055,87366200
2023-08-16 00:00:00+00:00,25.75463104248047,31.540000915527344,31.979999542236328,30.8799991607666,31.0,74461000
2023-08-17 00:00:00+00:00,25.672975540161133,31.440000534057617,32.189998626708984,31.309999465942383,31.75,57570600
2023-08-18 00:00:00+00:00,25.738298416137695,31.520000457763672,31.68000030517578,31.18000030517578,31.40999984741211,45579700
2023-08-21 00:00:00+00:00,25.55865478515625,31.299999237060547,32.029998779296875,30.969999313354492,31.700000762939453,42236900
2023-08-22 00:00:00+00:00,25.948007583618164,30.610000610351562,30.610000610351562,30.239999771118164,30.5,31372200
2023-08-23 00:00:00+00:00,27.32975196838379,32.2400016784668,32.2400016784668,31.09000015258789,31.200000762939453,95507400
2023-08-24 00:00:00+00:00,27.287363052368164,32.189998626708984,32.720001220703125,31.84000015258789,32.27000045776367,49332300
2023-08-25 00:00:00+00:00,27.100872039794922,31.969999313354492,32.470001220703125,31.799999237060547,32.380001068115234,34079000
2023-08-28 00:00:00+00:00,27.406044006347656,32.33000183105469,32.34000015258789,31.860000610351562,32.099998474121094,24956100
2023-08-29 00:00:00+00:00,27.465383529663086,32.400001525878906,32.5,31.989999771118164,32.400001525878906,40607500
2023-08-30 00:00:00+00:00,27.65187644958496,32.619998931884766,32.70000076293945,32.29999923706055,32.40999984741211,34637900
2023-08-31 00:00:00+00:00,27.0754451751709,31.940000534057617,32.790000915527344,31.8799991607666,32.709999084472656,48971500
2023-09-01 00:00:00+00:00,27.660354614257812,32.630001068115234,32.689998626708984,31.959999084472656,32.209999084472656,50089200
2023-09-04 00:00:00+00:00,27.372135162353516,32.290000915527344,32.720001220703125,32.209999084472656,32.68000030517578,21667400
2023-09-05 00:00:00+00:00,28.287649154663086,33.369998931884766,33.4900016784668,32.220001220703125,32.27000045776367,75082900
2023-09-06 00:00:00+00:00,28.4148006439209,33.52000045776367,33.79999923706055,33.220001220703125,33.349998474121094,57856500
2023-09-08 00:00:00+00:00,28.313079833984375,33.400001525878906,33.66999816894531,33.2599983215332,33.47999954223633,39074100
2023-09-11 00:00:00+00:00,28.287649154663086,33.369998931884766,33.689998626708984,33.33000183105469,33.470001220703125,30276200
2023-09-12 00:00:00+00:00,28.42327880859375,33.529998779296875,33.779998779296875,33.4900016784668,33.54999923706055,31963000
2023-09-13 00:00:00+00:00,27.999431610107422,33.029998779296875,33.70000076293945,33.029998779296875,33.650001525878906,47685700
2023-09-14 00:00:00+00:00,28.71149444580078,33.869998931884766,34.0,33.099998474121094,33.099998474121094,46502100
2023-09-15 00:00:00+00:00,28.72844696044922,33.88999938964844,33.9900016784668,33.61000061035156,33.869998931884766,54801500
2023-09-18 00:00:00+00:00,28.931900024414062,34.130001068115234,34.709999084472656,33.849998474121094,34.0,52363400
2023-09-19 00:00:00+00:00,28.999711990356445,34.209999084472656,34.619998931884766,34.06999969482422,34.209999084472656,43247200
2023-09-20 00:00:00+00:00,29.067529678344727,34.290000915527344,34.61000061035156,34.0099983215332,34.150001525878906,39102300
2023-09-21 00:00:00+00:00,28.618249893188477,33.7599983215332,34.290000915527344,33.630001068115234,34.0,60109400
2023-09-22 00:00:00+00:00,28.84712791442871,34.029998779296875,34.189998626708984,33.810001373291016,34.02000045776367,31020500
2023-09-25 00:00:00+00:00,29.03362464904785,34.25,34.33000183105469,33.93000030517578,33.95000076293945,26767200
2023-09-26 00:00:00+00:00,28.363941192626953,33.459999084472656,34.09000015258789,33.459999084472656,34.0,60687500
2023-09-27 00:00:00+00:00,29.262500762939453,34.52000045776367,34.52000045776367,33.779998779296875,33.86000061035156,53708700
2023-09-28 00:00:00+00:00,29.203161239624023,34.45000076293945,34.540000915527344,34.209999084472656,34.45000076293945,30765000
2023-09-29 00:00:00+00:00,29.36422348022461,34.63999938964844,34.689998626708984,34.25,34.5,40227600
2023-10-02 00:00:00+00:00,28.92342185974121,34.119998931884766,34.77000045776367,33.93000030517578,34.54999923706055,34403400
2023-10-03 00:00:00+00:00,28.796268463134766,33.970001220703125,34.22999954223633,33.630001068115234,33.970001220703125,37947300
2023-10-04 00:00:00+00:00,27.65187644958496,32.619998931884766,33.709999084472656,32.38999938964844,33.599998474121094,88895900
2023-10-05 00:00:00+00:00,27.7451229095459,32.72999954223633,32.939998626708984,32.290000915527344,32.5099983215332,35342000
2023-10-06 00:00:00+00:00,28.40632438659668,33.5099983215332,33.81999969482422,32.33000183105469,32.599998474121094,48132800
2023-10-09 00:00:00+00:00,29.62701416015625,34.95000076293945,35.08000183105469,34.099998474121094,34.150001525878906,77528400
2023-10-10 00:00:00+00:00,29.847408294677734,35.209999084472656,35.34000015258789,34.7400016784668,34.900001525878906,48326500
2023-10-11 00:00:00+00:00,29.7711181640625,35.119998931884766,35.25,34.4900016784668,35.13999938964844,41578500
2023-10-13 00:00:00+00:00,30.75444793701172,36.279998779296875,36.36000061035156,35.779998779296875,35.790000915527344,66943700
2023-10-16 00:00:00+00:00,31.093521118164062,36.68000030517578,36.79999923706055,35.959999084472656,36.400001525878906,49626600
2023-10-17 00:00:00+00:00,31.9327449798584,37.66999816894531,37.66999816894531,36.630001068115234,36.70000076293945,68814800
2023-10-18 00:00:00+00:00,32.65328598022461,38.52000045776367,38.61000061035156,37.90999984741211,37.9900016784668,85931700
2023-10-19 00:00:00+00:00,32.500701904296875,38.34000015258789,38.470001220703125,37.91999816894531,38.36000061035156,56016600
2023-10-20 00:00:00+00:00,32.085330963134766,37.849998474121094,38.86000061035156,37.38999938964844,38.689998626708984,66242400
2023-10-23 00:00:00+00:00,29.966087341308594,35.349998474121094,36.79999923706055,35.2599983215332,36.59000015258789,104499100
2023-10-24 00:00:00+00:00,30.41537094116211,35.880001068115234,36.189998626708984,35.16999816894531,35.650001525878906,78634900
2023-10-25 00:00:00+00:00,30.576431274414062,36.06999969482422,36.279998779296875,35.75,36.08000183105469,32846500
2023-10-26 00:00:00+00:00,30.26278305053711,35.70000076293945,35.93000030517578,35.150001525878906,35.849998474121094,47858600
2023-10-27 00:00:00+00:00,30.042381286621094,35.439998626708984,36.459999084472656,35.16999816894531,36.209999084472656,45843100
2023-10-30 00:00:00+00:00,29.737213134765625,35.08000183105469,35.720001220703125,34.86000061035156,35.58000183105469,31346900
2023-10-31 00:00:00+00:00,29.448993682861328,34.7400016784668,35.18000030517578,34.4900016784668,35.0099983215332,36965200
2023-11-01 00:00:00+00:00,29.7711181640625,35.119998931884766,35.540000915527344,34.900001525878906,35.02000045776367,46335300
2023-11-03 00:00:00+00:00,30.127151489257812,35.540000915527344,35.88999938964844,35.04999923706055,35.790000915527344,30959700
2023-11-06 00:00:00+00:00,30.101716995239258,35.5099983215332,36.130001068115234,35.5099983215332,35.7400016784668,33583600
2023-11-07 00:00:00+00:00,29.601577758789062,34.91999816894531,35.41999816894531,34.65999984741211,35.06999969482422,48919900
2023-11-08 00:00:00+00:00,28.965805053710938,34.16999816894531,34.79999923706055,33.90999984741211,34.599998474121094,59742900
2023-11-09 00:00:00+00:00,29.567668914794922,34.880001068115234,35.150001525878906,34.36000061035156,34.5,56231100
2023-11-10 00:00:00+00:00,29.43204116821289,34.720001220703125,35.060001373291016,34.5099983215332,34.65999984741211,40004800
2023-11-13 00:00:00+00:00,30.254304885864258,35.689998626708984,35.75,34.66999816894531,34.68000030517578,44120000
2023-11-14 00:00:00+00:00,30.669679641723633,36.18000030517578,36.2400016784668,35.4900016784668,35.689998626708984,50888600
2023-11-16 00:00:00+00:00,30.135629653930664,35.54999923706055,36.4900016784668,35.5,35.97999954223633,72361200
2023-11-17 00:00:00+00:00,31.118955612182617,36.709999084472656,36.91999816894531,35.81999969482422,35.83000183105469,87666300
2023-11-20 00:00:00+00:00,31.14438819885254,36.7400016784668,37.220001220703125,36.27000045776367,36.77000045776367,67796900
2023-11-21 00:00:00+00:00,30.8222599029541,36.36000061035156,36.540000915527344,35.90999984741211,36.540000915527344,49597800
2023-11-22 00:00:00+00:00,30.973119735717773,35.15999984741211,35.15999984741211,34.25,34.900001525878906,58578300
2023-11-23 00:00:00+00:00,30.98192596435547,35.16999816894531,35.25,34.810001373291016,35.130001068115234,24068100
2023-11-24 00:00:00+00:00,31.070022583007812,35.27000045776367,35.81999969482422,34.709999084472656,34.97999954223633,53456200
2023-11-27 00:00:00+00:00,30.893836975097656,35.06999969482422,35.400001525878906,34.75,35.0,36996000
2023-11-28 00:00:00+00:00,31.360721588134766,35.599998474121094,35.619998931884766,35.150001525878906,35.16999816894531,36875900
2023-11-29 00:00:00+00:00,31.03478240966797,35.22999954223633,36.029998779296875,34.939998626708984,35.900001525878906,37528600
2023-11-30 00:00:00+00:00,31.63381004333496,35.90999984741211,35.91999816894531,35.2400016784668,35.459999084472656,58808800
2023-12-01 00:00:00+00:00,31.42238426208496,35.66999816894531,36.0,35.529998779296875,35.720001220703125,36388100
2023-12-04 00:00:00+00:00,30.752887725830078,34.90999984741211,35.54999923706055,34.849998474121094,35.439998626708984,35601900
2023-12-05 00:00:00+00:00,30.6119441986084,34.75,35.16999816894531,34.68000030517578,34.91999816894531,43234200
2023-12-06 00:00:00+00:00,29.510791778564453,33.5,34.79999923706055,33.5,34.54999923706055,64179200
2023-12-07 00:00:00+00:00,29.44032096862793,33.41999816894531,34.18000030517578,33.040000915527344,33.650001525878906,64723900
2023-12-08 00:00:00+00:00,30.382904052734375,34.4900016784668,34.540000915527344,33.47999954223633,33.709999084472656,53290700
2023-12-11 00:00:00+00:00,30.268383026123047,34.36000061035156,34.689998626708984,34.2400016784668,34.459999084472656,30613300
2023-12-12 00:00:00+00:00,30.021728515625,34.08000183105469,34.599998474121094,33.79999923706055,34.54999923706055,30371500
2023-12-13 00:00:00+00:00,30.4533748626709,34.56999969482422,34.619998931884766,34.13999938964844,34.209999084472656,38992900
2023-12-14 00:00:00+00:00,31.11406707763672,35.31999969482422,35.7400016784668,34.84000015258789,35.0,57950000
2023-12-15 00:00:00+00:00,31.184539794921875,35.400001525878906,35.790000915527344,35.0,35.279998779296875,56570100
2023-12-18 00:00:00+00:00,31.5721435546875,35.84000015258789,36.29999923706055,35.58000183105469,35.75,44474300
2023-12-19 00:00:00+00:00,31.933320999145508,36.25,36.25,35.810001373291016,35.959999084472656,32183000
2023-12-20 00:00:00+00:00,32.04784393310547,36.380001068115234,36.7400016784668,36.290000915527344,36.369998931884766,38947900
2023-12-21 00:00:00+00:00,32.05664825439453,36.38999938964844,36.68000030517578,36.06999969482422,36.66999816894531,30511900
2023-12-22 00:00:00+00:00,32.36497116088867,36.7400016784668,36.79999923706055,36.369998931884766,36.5,31234700
2023-12-26 00:00:00+00:00,32.88471603393555,37.33000183105469,37.369998931884766,36.83000183105469,36.86000061035156,23466800
2023-12-27 00:00:00+00:00,32.91114044189453,37.36000061035156,37.43000030517578,37.130001068115234,37.31999969482422,19588500
2023-12-28 00:00:00+00:00,32.8054313659668,37.2400016784668,37.36000061035156,37.040000915527344,37.22999954223633,21421900
2024-01-02 00:00:00+00:00,33.2811279296875,37.779998779296875,37.88999938964844,37.400001525878906,37.439998626708984,24043800
2024-01-03 00:00:00+00:00,34.32060623168945,38.959999084472656,39.119998931884766,37.66999816894531,37.79999923706055,52300200
2024-01-04 00:00:00+00:00,34.029911041259766,38.630001068115234,39.349998474121094,38.5099983215332,39.119998931884766,45344900
2024-01-05 00:00:00+00:00,34.10919189453125,38.720001220703125,39.13999938964844,38.40999984741211,38.869998931884766,35783700
2024-01-08 00:00:00+00:00,33.85372543334961,38.43000030517578,38.43000030517578,37.61000061035156,38.380001068115234,35158100
2024-01-09 00:00:00+00:00,33.56302261352539,38.099998474121094,38.75,38.029998779296875,38.66999816894531,27279000
2024-01-10 00:00:00+00:00,33.25469970703125,37.75,38.27000045776367,37.5099983215332,38.099998474121094,27382000
2024-01-11 00:00:00+00:00,33.53659439086914,38.06999969482422,38.150001525878906,37.70000076293945,37.97999954223633,26564400
2024-01-12 00:00:00+00:00,33.62468338012695,38.16999816894531,38.72999954223633,38.16999816894531,38.5,24479500
2024-01-15 00:00:00+00:00,33.98586654663086,38.58000183105469,38.619998931884766,37.86000061035156,37.9900016784668,13818300
2024-01-16 00:00:00+00:00,33.56302261352539,38.099998474121094,38.790000915527344,38.08000183105469,38.61000061035156,31277700
2024-01-17 00:00:00+00:00,33.36922073364258,37.880001068115234,38.150001525878906,37.81999969482422,37.970001220703125,27577300
2024-01-18 00:00:00+00:00,33.237083435058594,37.72999954223633,38.13999938964844,37.560001373291016,38.13999938964844,22987200
2024-01-19 00:00:00+00:00,33.06089782714844,37.529998779296875,37.900001525878906,37.22999954223633,37.810001373291016,31745200
2024-01-22 00:00:00+00:00,33.21065139770508,37.70000076293945,37.810001373291016,37.22999954223633,37.5,22753700
2024-01-23 00:00:00+00:00,33.62468338012695,38.16999816894531,38.369998931884766,37.43000030517578,37.84000015258789,32498500
2024-01-24 00:00:00+00:00,33.36922073364258,37.880001068115234,38.540000915527344,37.77000045776367,38.290000915527344,25415300
2024-01-25 00:00:00+00:00,34.60250473022461,39.279998779296875,39.279998779296875,38.130001068115234,38.2599983215332,48655300
2024-01-26 00:00:00+00:00,35.20153045654297,39.959999084472656,40.09000015258789,38.90999984741211,39.099998474121094,41378200
2024-01-29 00:00:00+00:00,35.7388916015625,40.56999969482422,40.59000015258789,39.83000183105469,40.0,30547500
2024-01-30 00:00:00+00:00,35.51866149902344,40.31999969482422,40.7400016784668,40.04999923706055,40.16999816894531,34829000
2024-01-31 00:00:00+00:00,35.90626525878906,40.7599983215332,41.2400016784668,40.18000030517578,40.22999954223633,57978900
2024-02-01 00:00:00+00:00,36.619808197021484,41.56999969482422,41.880001068115234,40.66999816894531,40.779998779296875,61629200
2024-02-02 00:00:00+00:00,36.14411163330078,41.029998779296875,41.779998779296875,41.02000045776367,41.58000183105469,36485600
2024-02-05 00:00:00+00:00,36.302677154541016,41.209999084472656,41.68000030517578,40.93000030517578,41.0099983215332,27703000
2024-02-06 00:00:00+00:00,36.63743209838867,41.59000015258789,42.349998474121094,41.27000045776367,41.45000076293945,35474600
2024-02-07 00:00:00+00:00,37.17478942871094,42.20000076293945,42.20000076293945,41.41999816894531,41.52000045776367,30648100
2024-02-08 00:00:00+00:00,36.87527847290039,41.86000061035156,42.45000076293945,41.86000061035156,42.29999923706055,25589100
2024-02-09 00:00:00+00:00,36.381961822509766,41.29999923706055,42.33000183105469,41.29999923706055,42.13999938964844,30388000
2024-02-14 00:00:00+00:00,36.10887908935547,40.9900016784668,41.400001525878906,40.86000061035156,41.099998474121094,18315300
2024-02-15 00:00:00+00:00,37.262882232666016,42.29999923706055,42.29999923706055,40.849998474121094,41.0099983215332,33246400
2024-02-16 00:00:00+00:00,37.60643768310547,42.689998626708984,42.88999938964844,42.060001373291016,42.09000015258789,37268900
2024-02-19 00:00:00+00:00,37.791439056396484,42.900001525878906,42.939998626708984,42.560001373291016,42.7599983215332,12826700
2024-02-20 00:00:00+00:00,37.395023345947266,42.45000076293945,42.81999969482422,42.099998474121094,42.77000045776367,42375400
2024-02-21 00:00:00+00:00,37.447872161865234,42.5099983215332,42.720001220703125,42.130001068115234,42.45000076293945,20873800
2024-02-22 00:00:00+00:00,37.165977478027344,42.189998626708984,42.68000030517578,41.79999923706055,42.66999816894531,32162800
2024-02-23 00:00:00+00:00,36.91051483154297,41.900001525878906,42.2400016784668,41.61000061035156,42.13999938964844,43924500
2024-02-26 00:00:00+00:00,37.60643768310547,42.689998626708984,42.72999954223633,41.83000183105469,41.900001525878906,25885700
2024-02-27 00:00:00+00:00,37.553585052490234,42.630001068115234,42.81999969482422,42.380001068115234,42.70000076293945,27678100
2024-02-28 00:00:00+00:00,35.61556625366211,40.43000030517578,42.939998626708984,39.83000183105469,42.52000045776367,112322000
2024-02-29 00:00:00+00:00,35.3600959777832,40.13999938964844,41.2400016784668,39.849998474121094,40.59000015258789,61899800
2024-03-01 00:00:00+00:00,35.39533615112305,40.18000030517578,40.849998474121094,40.13999938964844,40.349998474121094,31248500
2024-03-04 00:00:00+00:00,35.307247161865234,40.08000183105469,40.75,40.02000045776367,40.27000045776367,21988000
2024-03-05 00:00:00+00:00,35.20153045654297,39.959999084472656,40.369998931884766,39.61000061035156,40.099998474121094,30293300
2024-03-06 00:00:00+00:00,35.97673797607422,40.84000015258789,40.84000015258789,40.11000061035156,40.20000076293945,45481000
2024-03-07 00:00:00+00:00,35.580326080322266,40.38999938964844,40.939998626708984,40.279998779296875,40.63999938964844,50199800
2024-03-08 00:00:00+00:00,32.32973861694336,36.70000076293945,37.060001373291016,35.099998474121094,35.900001525878906,230369800
2024-03-11 00:00:00+00:00,31.404769897460938,35.650001525878906,37.7400016784668,35.29999923706055,35.66999816894531,127528700
2024-03-12 00:00:00+00:00,32.43544387817383,36.81999969482422,37.22999954223633,36.15999984741211,36.349998474121094,76139100
2024-03-13 00:00:00+00:00,32.04784393310547,36.380001068115234,37.33000183105469,36.310001373291016,36.900001525878906,45140600
2024-03-14 00:00:00+00:00,31.906892776489258,36.220001220703125,36.91999816894531,36.150001525878906,36.7400016784668,39983400
2024-03-15 00:00:00+00:00,31.994983673095703,36.31999969482422,36.45000076293945,35.939998626708984,36.29999923706055,59362500
2024-03-18 00:00:00+00:00,32.01259994506836,36.34000015258789,36.720001220703125,35.5,36.40999984741211,35326100
2024-03-19 00:00:00+00:00,31.774755477905273,36.06999969482422,36.849998474121094,35.560001373291016,36.38999938964844,48540800
2024-03-20 00:00:00+00:00,32.32973861694336,36.70000076293945,36.7400016784668,35.810001373291016,36.22999954223633,39017900
2024-03-21 00:00:00+00:00,31.448814392089844,35.70000076293945,37.060001373291016,35.68000030517578,36.849998474121094,47220200
2024-03-22 00:00:00+00:00,31.757137298583984,36.04999923706055,36.220001220703125,35.43000030517578,35.900001525878906,34426800
2024-03-25 00:00:00+00:00,32.24164581298828,36.599998474121094,36.83000183105469,36.15999984741211,36.18000030517578,26951500
2024-03-26 00:00:00+00:00,31.94212532043457,36.2599983215332,36.66999816894531,36.16999816894531,36.66999816894531,24837800
2024-03-27 00:00:00+00:00,32.19759750366211,36.54999923706055,36.65999984741211,36.119998931884766,36.279998779296875,19995700
2024-03-28 00:00:00+00:00,32.91114044189453,37.36000061035156,37.52000045776367,36.470001220703125,36.5,31958200
2024-04-01 00:00:00+00:00,33.16660690307617,37.650001525878906,37.709999084472656,37.209999084472656,37.5,23697800
2024-04-02 00:00:00+00:00,34.02109909057617,38.619998931884766,38.650001525878906,37.77000045776367,37.81999969482422,45930700
2024-04-03 00:00:00+00:00,33.844913482666016,38.41999816894531,39.0099983215332,38.220001220703125,38.70000076293945,31437200
2024-04-04 00:00:00+00:00,33.457313537597656,37.97999954223633,39.47999954223633,37.43000030517578,38.470001220703125,165566800
2024-04-05 00:00:00+00:00,33.56302261352539,38.099998474121094,38.56999969482422,37.16999816894531,37.900001525878906,65469200
2024-04-08 00:00:00+00:00,34.029911041259766,38.630001068115234,39.060001373291016,37.72999954223633,38.029998779296875,36384400
2024-04-09 00:00:00+00:00,34.11800003051758,38.72999954223633,39.13999938964844,38.060001373291016,38.900001525878906,36989300
2024-04-10 00:00:00+00:00,34.87559127807617,39.59000015258789,39.72999954223633,38.65999984741211,38.72999954223633,55821500
2024-04-11 00:00:00+00:00,34.620121002197266,39.29999923706055,39.7599983215332,39.20000076293945,39.599998474121094,33195300
2024-04-12 00:00:00+00:00,34.3029899597168,38.939998626708984,40.04999923706055,38.70000076293945,39.720001220703125,39613500
2024-04-15 00:00:00+00:00,34.628936767578125,39.310001373291016,39.45000076293945,38.630001068115234,38.939998626708984,28692000
2024-04-16 00:00:00+00:00,34.787498474121094,39.4900016784668,39.709999084472656,38.95000076293945,39.0099983215332,37303000
2024-04-17 00:00:00+00:00,35.042964935302734,39.779998779296875,39.95000076293945,39.34000015258789,39.4900016784668,39221700
2024-04-18 00:00:00+00:00,35.10462951660156,39.849998474121094,40.59000015258789,39.650001525878906,40.0,45078800
2024-04-19 00:00:00+00:00,35.70365905761719,40.529998779296875,41.06999969482422,39.84000015258789,40.04999923706055,80546900
2024-04-22 00:00:00+00:00,36.55814743041992,41.5,41.59000015258789,40.52000045776367,40.7599983215332,51775500
2024-04-23 00:00:00+00:00,36.4876708984375,41.41999816894531,41.630001068115234,40.959999084472656,41.400001525878906,35456900
2024-04-24 00:00:00+00:00,36.32029724121094,41.22999954223633,41.9900016784668,41.209999084472656,41.54999923706055,45388300
2024-04-25 00:00:00+00:00,37.19240951538086,42.220001220703125,42.47999954223633,41.08000183105469,41.400001525878906,66372400
2024-04-26 00:00:00+00:00,37.717674255371094,41.650001525878906,41.779998779296875,41.06999969482422,41.290000915527344,31899100
2024-04-29 00:00:00+00:00,38.170467376708984,42.150001525878906,42.150001525878906,41.31999969482422,41.47999954223633,27886000
2024-04-30 00:00:00+00:00,38.052738189697266,42.02000045776367,42.209999084472656,41.619998931884766,42.0,36635400
2024-05-02 00:00:00+00:00,38.1976318359375,42.18000030517578,42.380001068115234,41.84000015258789,42.25,33244700
2024-05-03 00:00:00+00:00,37.71171951293945,39.88999938964844,40.689998626708984,39.45000076293945,40.689998626708984,45114200
2024-05-06 00:00:00+00:00,37.966976165771484,40.15999984741211,40.36000061035156,39.720001220703125,39.869998931884766,22977200
2024-05-07 00:00:00+00:00,38.43022155761719,40.650001525878906,40.650001525878906,40.0,40.150001525878906,23808600
2024-05-08 00:00:00+00:00,39.016361236572266,41.27000045776367,41.33000183105469,40.310001373291016,40.349998474121094,25352000
2024-05-09 00:00:00+00:00,39.3945198059082,41.66999816894531,41.84000015258789,40.939998626708984,41.060001373291016,27206400
2024-05-10 00:00:00+00:00,39.30943298339844,41.58000183105469,42.09000015258789,41.5,41.84000015258789,27968700
2024-05-13 00:00:00+00:00,39.34724807739258,41.619998931884766,41.970001220703125,41.5099983215332,41.7400016784668,18394300
2024-05-14 00:00:00+00:00,38.638206481933594,40.869998931884766,41.29999923706055,40.15999984741211,40.7599983215332,53613200
2024-05-15 00:00:00+00:00,36.30308532714844,38.400001525878906,38.810001373291016,37.5,37.599998474121094,131281100
2024-05-16 00:00:00+00:00,35.24424362182617,37.279998779296875,38.650001525878906,37.2400016784668,38.29999923706055,83168500
2024-05-17 00:00:00+00:00,34.68646240234375,36.689998626708984,37.41999816894531,36.5099983215332,37.349998474121094,67207900
2024-05-20 00:00:00+00:00,34.743186950683594,36.75,37.2400016784668,36.630001068115234,36.72999954223633,40400400
2024-05-21 00:00:00+00:00,34.67700958251953,36.68000030517578,37.09000015258789,36.56999969482422,36.790000915527344,27967400
2024-05-22 00:00:00+00:00,35.14970397949219,37.18000030517578,37.459999084472656,36.40999984741211,36.5,36528800
2024-05-23 00:00:00+00:00,34.79991149902344,36.810001373291016,37.709999084472656,36.56999969482422,37.439998626708984,47987800
2024-05-24 00:00:00+00:00,34.61083221435547,36.61000061035156,37.189998626708984,36.56999969482422,37.06999969482422,23684700
2024-05-27 00:00:00+00:00,34.98898696899414,37.0099983215332,37.08000183105469,36.689998626708984,36.720001220703125,13623300
2024-05-28 00:00:00+00:00,35.73584747314453,37.79999923706055,38.290000915527344,37.40999984741211,37.439998626708984,46437700
2024-05-29 00:00:00+00:00,35.68857955932617,37.75,37.91999816894531,37.439998626708984,37.709999084472656,29246800
2024-05-31 00:00:00+00:00,36.67178726196289,38.790000915527344,38.88999938964844,37.900001525878906,37.93000030517578,53929400
2024-06-03 00:00:00+00:00,36.47325897216797,38.58000183105469,38.93000030517578,38.439998626708984,38.83000183105469,43454500
2024-06-04 00:00:00+00:00,36.06673812866211,38.150001525878906,38.43000030517578,37.70000076293945,38.400001525878906,34090200
2024-06-05 00:00:00+00:00,36.11400604248047,38.20000076293945,38.43000030517578,38.06999969482422,38.2599983215332,18627100
2024-06-06 00:00:00+00:00,36.284175872802734,38.380001068115234,38.720001220703125,38.27000045776367,38.279998779296875,25944100
2024-06-07 00:00:00+00:00,34.92280960083008,36.939998626708984,38.470001220703125,36.86000061035156,38.220001220703125,46003600
2024-06-10 00:00:00+00:00,35.452232360839844,37.5,38.060001373291016,37.119998931884766,37.189998626708984,32560900
2024-06-11 00:00:00+00:00,35.603492736816406,37.65999984741211,38.0,37.5,37.810001373291016,31131300
2024-06-12 00:00:00+00:00,34.82878494262695,35.81999969482422,37.04999923706055,35.61000061035156,36.95000076293945,52182400
2024-06-13 00:00:00+00:00,34.47874450683594,35.459999084472656,36.189998626708984,34.849998474121094,35.900001525878906,46233500
2024-06-14 00:00:00+00:00,33.720333099365234,34.68000030517578,35.5,34.150001525878906,35.4900016784668,53534900
2024-06-17 00:00:00+00:00,33.846736907958984,34.810001373291016,35.130001068115234,34.27000045776367,34.40999984741211,40941800
2024-06-18 00:00:00+00:00,34.90657424926758,35.900001525878906,36.13999938964844,34.81999969482422,34.88999938964844,36180700
2024-06-19 00:00:00+00:00,34.93574142456055,35.93000030517578,36.119998931884766,35.56999969482422,35.900001525878906,20776200
2024-06-20 00:00:00+00:00,35.489967346191406,36.5,36.88999938964844,36.20000076293945,36.220001220703125,39442900
2024-06-21 00:00:00+00:00,35.67470932006836,36.689998626708984,36.959999084472656,36.380001068115234,36.54999923706055,43340200
2024-06-24 00:00:00+00:00,36.03447341918945,37.060001373291016,37.060001373291016,36.47999954223633,36.84000015258789,24599400
2024-06-25 00:00:00+00:00,36.00529861450195,37.029998779296875,37.119998931884766,36.7599983215332,37.04999923706055,18572600
2024-06-26 00:00:00+00:00,36.06364059448242,37.09000015258789,37.119998931884766,36.709999084472656,36.79999923706055,25553200
2024-06-27 00:00:00+00:00,36.66648483276367,37.709999084472656,37.959999084472656,37.31999969482422,37.5099983215332,37731000
2024-06-28 00:00:00+00:00,36.997074127197266,38.04999923706055,38.16999816894531,37.709999084472656,37.79999923706055,22019700
2024-07-01 00:00:00+00:00,37.56102752685547,38.630001068115234,38.7599983215332,38.18000030517578,38.310001373291016,24963500
2024-07-02 00:00:00+00:00,37.44434356689453,38.5099983215332,39.099998474121094,38.439998626708984,38.83000183105469,33346200
2024-07-03 00:00:00+00:00,36.79288864135742,37.84000015258789,38.790000915527344,37.7599983215332,38.70000076293945,38509400
2024-07-04 00:00:00+00:00,36.28727722167969,37.31999969482422,37.959999084472656,37.119998931884766,37.900001525878906,32698800
2024-07-05 00:00:00+00:00,36.48174285888672,37.52000045776367,37.650001525878906,37.11000061035156,37.45000076293945,32758800
2024-07-08 00:00:00+00:00,37.37628173828125,38.439998626708984,38.52000045776367,37.290000915527344,37.47999954223633,48845900
2024-07-09 00:00:00+00:00,37.36656188964844,38.43000030517578,38.70000076293945,38.27000045776367,38.45000076293945,34832500
2024-07-10 00:00:00+00:00,37.01652145385742,38.06999969482422,38.560001373291016,37.97999954223633,38.4900016784668,32899700
2024-07-11 00:00:00+00:00,37.26932907104492,38.33000183105469,38.45000076293945,38.11000061035156,38.15999984741211,17229400
2024-07-12 00:00:00+00:00,37.09431076049805,38.150001525878906,38.5099983215332,38.13999938964844,38.43000030517578,15779100
2024-07-15 00:00:00+00:00,37.43462371826172,38.5,38.72999954223633,38.20000076293945,38.29999923706055,22969200
